<?xml version="1.0" encoding="UTF-8"?>
<!DOCTYPE mapper PUBLIC "-//mybatis.org//DTD Mapper 3.0//EN"
    "http://mybatis.org/dtd/mybatis-3-mapper.dtd">
<mapper namespace="org.spring.mapper.LoginMapper">
	<select id="snsCheck" parameterType="String" resultType="int">
		SELECT
		COUNT(ID) FROM USER WHERE sns LIKE #{snsID}
	</select>

	<select id="nickCheck" parameterType="String" resultType="int">
		SELECT
		COUNT(ID) FROM USER WHERE nickname LIKE #{nick}
	</select>

	<select id="idCheck" parameterType="String" resultType="int">
		SELECT
		COUNT(ID) FROM USER WHERE id LIKE #{id}
	</select>

	<select id="emailCheck" parameterType="String" resultType="int">
		SELECT
		COUNT(ID) FROM USER WHERE email LIKE #{email}
	</select>

	<select id="getAllUser" resultType="UserVO">
		SELECT * FROM USER
	</select>

<select id="getUser" parameterType="java.util.Map" resultType="UserVO">
    SELECT * FROM USER
    <where>
        <if test="type != null and value != null">
            ${type} LIKE #{value}
        </if>
    </where>
</select>


	<!-- SQL 문장들과 매핑되는 SQL 매핑 구문들을 작성합니다. -->
	<insert id="userRegister" parameterType="UserVO">
		INSERT INTO USER(id, pw, armygroup, enlisting, nickname, email, sns)
		VALUES(#{id}, #{pw}, #{armygroup}, #{enlisting}, #{nickname},
		#{email},
		<if test="sns != null and sns != ''">
			#{sns}
		</if>
		<if test="sns == null or sns == ''">
			NULL
		</if>
		)
	</insert>
	<!-- 추가적인 SQL 매핑 구문들을 작성할 수 있습니다. -->

</mapper>
